"Id","Label","Type","TypeNumber","Party","Topic","VoteName"
"Adam Afriyie","Adam Afriyie","member",1,"Conservative","Member","Member"
"Andrew Rosindell","Andrew Rosindell","member",1,"Conservative","Member","Member"
"Naz Shah","Naz Shah","member",1,"Labour","Member","Member"
"Jim Shannon","Jim Shannon","member",1,"Democratic Unionist Party","Member","Member"
"Grant Shapps","Grant Shapps","member",1,"Conservative","Member","Member"
"Alok Sharma","Alok Sharma","member",1,"Conservative","Member","Member"
"Mr Virendra Sharma","Mr Virendra Sharma","member",1,"Labour","Member","Member"
"Mr Barry Sheerman","Mr Barry Sheerman","member",1,"Labour (Co-op)","Member","Member"
"Alec Shelbrooke","Alec Shelbrooke","member",1,"Conservative","Member","Member"
"Tommy Sheppard","Tommy Sheppard","member",1,"Scottish National Party","Member","Member"
"Paula Sherriff","Paula Sherriff","member",1,"Labour","Member","Member"
"Mr Gavin Shuker","Mr Gavin Shuker","member",1,"Independent","Member","Member"
"Julian Sturdy","Julian Sturdy","member",1,"Conservative","Member","Member"
"Tulip Siddiq","Tulip Siddiq","member",1,"Labour","Member","Member"
"David Simpson","David Simpson","member",1,"Democratic Unionist Party","Member","Member"
"Mr Keith Simpson","Mr Keith Simpson","member",1,"Conservative","Member","Member"
"Chris Skidmore","Chris Skidmore","member",1,"Conservative","Member","Member"
"Mr Dennis Skinner","Mr Dennis Skinner","member",1,"Labour","Member","Member"
"Andy Slaughter","Andy Slaughter","member",1,"Labour","Member","Member"
"Ruth Smeeth","Ruth Smeeth","member",1,"Labour","Member","Member"
"Angela Smith","Angela Smith","member",1,"Independent","Member","Member"
"Cat Smith","Cat Smith","member",1,"Labour","Member","Member"
"Chloe Smith","Chloe Smith","member",1,"Conservative","Member","Member"
"Martin Vickers","Martin Vickers","member",1,"Conservative","Member","Member"
"Eleanor Smith","Eleanor Smith","member",1,"Labour","Member","Member"
"Henry Smith","Henry Smith","member",1,"Conservative","Member","Member"
"Jeff Smith","Jeff Smith","member",1,"Labour","Member","Member"
"Julian Smith","Julian Smith","member",1,"Conservative","Member","Member"
"Laura Smith","Laura Smith","member",1,"Labour","Member","Member"
"Nick Smith","Nick Smith","member",1,"Labour","Member","Member"
"Owen Smith","Owen Smith","member",1,"Labour","Member","Member"
"Royston Smith","Royston Smith","member",1,"Conservative","Member","Member"
"Karin Smyth","Karin Smyth","member",1,"Labour","Member","Member"
"Gareth Snell","Gareth Snell","member",1,"Labour (Co-op)","Member","Member"
"Giles Watling","Giles Watling","member",1,"Conservative","Member","Member"
"Sir Nicholas Soames","Sir Nicholas Soames","member",1,"Conservative","Member","Member"
"Alex Sobel","Alex Sobel","member",1,"Labour (Co-op)","Member","Member"
"Anna Soubry","Anna Soubry","member",1,"Change UK - The Independent Group","Member","Member"
"John Spellar","John Spellar","member",1,"Labour","Member","Member"
"Dame Caroline Spelman","Dame Caroline Spelman","member",1,"Conservative","Member","Member"
"Mark Spencer","Mark Spencer","member",1,"Conservative","Member","Member"
"Keir Starmer","Keir Starmer","member",1,"Labour","Member","Member"
"Chris Stephens","Chris Stephens","member",1,"Scottish National Party","Member","Member"
"Andrew Stephenson","Andrew Stephenson","member",1,"Conservative","Member","Member"
"Jo Stevens","Jo Stevens","member",1,"Labour","Member","Member"
"Bill Wiggin","Bill Wiggin","member",1,"Conservative","Member","Member"
"John Stevenson","John Stevenson","member",1,"Conservative","Member","Member"
"Bob Stewart","Bob Stewart","member",1,"Conservative","Member","Member"
"Rory Stewart","Rory Stewart","member",1,"Conservative","Member","Member"
"Jamie Stone","Jamie Stone","member",1,"Liberal Democrat","Member","Member"
"Sir Gary Streeter","Sir Gary Streeter","member",1,"Conservative","Member","Member"
"Wes Streeting","Wes Streeting","member",1,"Labour","Member","Member"
"Mel Stride","Mel Stride","member",1,"Conservative","Member","Member"
"Graham Stringer","Graham Stringer","member",1,"Labour","Member","Member"
"Graham Stuart","Graham Stuart","member",1,"Conservative","Member","Member"
"Rishi Sunak","Rishi Sunak","member",1,"Conservative","Member","Member"
"Mike Wood","Mike Wood","member",1,"Conservative","Member","Member"
"Sir Desmond Swayne","Sir Desmond Swayne","member",1,"Conservative","Member","Member"
"Mr Paul Sweeney","Mr Paul Sweeney","member",1,"Labour (Co-op)","Member","Member"
"Jo Swinson","Jo Swinson","member",1,"Liberal Democrat","Member","Member"
"Sir Hugo Swire","Sir Hugo Swire","member",1,"Conservative","Member","Member"
"Sir Robert Syms","Sir Robert Syms","member",1,"Conservative","Member","Member"
"Mark Tami","Mark Tami","member",1,"Labour","Member","Member"
"Alison Thewliss","Alison Thewliss","member",1,"Scottish National Party","Member","Member"
"Derek Thomas","Derek Thomas","member",1,"Conservative","Member","Member"
"Gareth Thomas","Gareth Thomas","member",1,"Labour (Co-op)","Member","Member"
"Nick Thomas-Symonds","Nick Thomas-Symonds","member",1,"Labour","Member","Member"
"Greg Hands","Greg Hands","member",1,"Conservative","Member","Member"
"Ross Thomson","Ross Thomson","member",1,"Conservative","Member","Member"
"Emily Thornberry","Emily Thornberry","member",1,"Labour","Member","Member"
"Maggie Throup","Maggie Throup","member",1,"Conservative","Member","Member"
"Stephen Timms","Stephen Timms","member",1,"Labour","Member","Member"
"Kelly Tolhurst","Kelly Tolhurst","member",1,"Conservative","Member","Member"
"Justin Tomlinson","Justin Tomlinson","member",1,"Conservative","Member","Member"
"Michael Tomlinson","Michael Tomlinson","member",1,"Conservative","Member","Member"
"Craig Tracey","Craig Tracey","member",1,"Conservative","Member","Member"
"David Tredinnick","David Tredinnick","member",1,"Conservative","Member","Member"
"Anne-Marie Trevelyan","Anne-Marie Trevelyan","member",1,"Conservative","Member","Member"
"Simon Hart","Simon Hart","member",1,"Conservative","Member","Member"
"Jon Trickett","Jon Trickett","member",1,"Labour","Member","Member"
"Elizabeth Truss","Elizabeth Truss","member",1,"Conservative","Member","Member"
"Tom Tugendhat","Tom Tugendhat","member",1,"Conservative","Member","Member"
"Anna Turley","Anna Turley","member",1,"Labour (Co-op)","Member","Member"
"Karl Turner","Karl Turner","member",1,"Labour","Member","Member"
"Derek Twigg","Derek Twigg","member",1,"Labour","Member","Member"
"Stephen Twigg","Stephen Twigg","member",1,"Labour (Co-op)","Member","Member"
"Liz Twist","Liz Twist","member",1,"Labour","Member","Member"
"Chuka Umunna","Chuka Umunna","member",1,"Liberal Democrat","Member","Member"
"Mr Edward Vaizey","Mr Edward Vaizey","member",1,"Conservative","Member","Member"
"Sir John Hayes","Sir John Hayes","member",1,"Conservative","Member","Member"
"Mr Shailesh Vara","Mr Shailesh Vara","member",1,"Conservative","Member","Member"
"Keith Vaz","Keith Vaz","member",1,"Labour","Member","Member"
"Valerie Vaz","Valerie Vaz","member",1,"Labour","Member","Member"
"Theresa Villiers","Theresa Villiers","member",1,"Conservative","Member","Member"
"Mr Charles Walker","Mr Charles Walker","member",1,"Conservative","Member","Member"
"Mr Robin Walker","Mr Robin Walker","member",1,"Conservative","Member","Member"
"Thelma Walker","Thelma Walker","member",1,"Labour","Member","Member"
"Mr Ben Wallace","Mr Ben Wallace","member",1,"Conservative","Member","Member"
"David Warburton","David Warburton","member",1,"Conservative","Member","Member"
"Matt Warman","Matt Warman","member",1,"Conservative","Member","Member"
"Gordon Henderson","Gordon Henderson","member",1,"Conservative","Member","Member"
"Tom Watson","Tom Watson","member",1,"Labour","Member","Member"
"Catherine West","Catherine West","member",1,"Labour","Member","Member"
"Matt Western","Matt Western","member",1,"Labour","Member","Member"
"Helen Whately","Helen Whately","member",1,"Conservative","Member","Member"
"Mrs Heather Wheeler","Mrs Heather Wheeler","member",1,"Conservative","Member","Member"
"Dr Alan Whitehead","Dr Alan Whitehead","member",1,"Labour","Member","Member"
"Martin Whitfield","Martin Whitfield","member",1,"Labour","Member","Member"
"Dr Philippa Whitford","Dr Philippa Whitford","member",1,"Scottish National Party","Member","Member"
"Mr John Whittingdale","Mr John Whittingdale","member",1,"Conservative","Member","Member"
"Dr Paul Williams","Dr Paul Williams","member",1,"Labour","Member","Member"
"Sir David Amess","Sir David Amess","member",1,"Conservative","Member","Member"
"Dr Caroline Johnson","Dr Caroline Johnson","member",1,"Conservative","Member","Member"
"Hywel Williams","Hywel Williams","member",1,"Plaid Cymru","Member","Member"
"Chris Williamson","Chris Williamson","member",1,"Independent","Member","Member"
"Gavin Williamson","Gavin Williamson","member",1,"Conservative","Member","Member"
"Phil Wilson","Phil Wilson","member",1,"Labour","Member","Member"
"Sammy Wilson","Sammy Wilson","member",1,"Democratic Unionist Party","Member","Member"
"Pete Wishart","Pete Wishart","member",1,"Scottish National Party","Member","Member"
"Dr Sarah Wollaston","Dr Sarah Wollaston","member",1,"Independent","Member","Member"
"John Woodcock","John Woodcock","member",1,"Independent","Member","Member"
"Mr William Wragg","Mr William Wragg","member",1,"Conservative","Member","Member"
"Jeremy Wright","Jeremy Wright","member",1,"Conservative","Member","Member"
"Sir Edward Leigh","Sir Edward Leigh","member",1,"Conservative","Member","Member"
"Mohammad Yasin","Mohammad Yasin","member",1,"Labour","Member","Member"
"Nadhim Zahawi","Nadhim Zahawi","member",1,"Conservative","Member","Member"
"Daniel Zeichner","Daniel Zeichner","member",1,"Labour","Member","Member"
"Louise Haigh","Louise Haigh","member",1,"Labour","Member","Member"
"Kirstene Hair","Kirstene Hair","member",1,"Conservative","Member","Member"
"Robert Halfon","Robert Halfon","member",1,"Conservative","Member","Member"
"Luke Hall","Luke Hall","member",1,"Conservative","Member","Member"
"Fabian Hamilton","Fabian Hamilton","member",1,"Labour","Member","Member"
"Mr Philip Hammond","Mr Philip Hammond","member",1,"Conservative","Member","Member"
"Stephen Hammond","Stephen Hammond","member",1,"Conservative","Member","Member"
"Mr Ian Liddell-Grainger","Mr Ian Liddell-Grainger","member",1,"Conservative","Member","Member"
"Matt Hancock","Matt Hancock","member",1,"Conservative","Member","Member"
"David Hanson","David Hanson","member",1,"Labour","Member","Member"
"Emma Hardy","Emma Hardy","member",1,"Labour","Member","Member"
"Ms Harriet Harman","Ms Harriet Harman","member",1,"Labour","Member","Member"
"Mr Mark Harper","Mr Mark Harper","member",1,"Conservative","Member","Member"
"Richard Harrington","Richard Harrington","member",1,"Conservative","Member","Member"
"Carolyn Harris","Carolyn Harris","member",1,"Labour","Member","Member"
"Rebecca Harris","Rebecca Harris","member",1,"Conservative","Member","Member"
"Trudy Harrison","Trudy Harrison","member",1,"Conservative","Member","Member"
"Helen Hayes","Helen Hayes","member",1,"Labour","Member","Member"
"Stephen Metcalfe","Stephen Metcalfe","member",1,"Conservative","Member","Member"
"Sue Hayman","Sue Hayman","member",1,"Labour","Member","Member"
"Sir Oliver Heald","Sir Oliver Heald","member",1,"Conservative","Member","Member"
"John Healey","John Healey","member",1,"Labour","Member","Member"
"James Heappey","James Heappey","member",1,"Conservative","Member","Member"
"Chris Heaton-Harris","Chris Heaton-Harris","member",1,"Conservative","Member","Member"
"Peter Heaton-Jones","Peter Heaton-Jones","member",1,"Conservative","Member","Member"
"Sir Mark Hendrick","Sir Mark Hendrick","member",1,"Labour (Co-op)","Member","Member"
"Drew Hendry","Drew Hendry","member",1,"Scottish National Party","Member","Member"
"Mr Stephen Hepburn","Mr Stephen Hepburn","member",1,"Labour","Member","Member"
"Nick Herbert","Nick Herbert","member",1,"Conservative","Member","Member"
"Dr Andrew Murrison","Dr Andrew Murrison","member",1,"Conservative","Member","Member"
"Lady Hermon","Lady Hermon","member",1,"Independent","Member","Member"
"Mike Hill","Mike Hill","member",1,"Labour","Member","Member"
"Meg Hillier","Meg Hillier","member",1,"Labour (Co-op)","Member","Member"
"Mr Damian Hinds","Mr Damian Hinds","member",1,"Conservative","Member","Member"
"Simon Hoare","Simon Hoare","member",1,"Conservative","Member","Member"
"Wera Hobhouse","Wera Hobhouse","member",1,"Liberal Democrat","Member","Member"
"Dame Margaret Hodge","Dame Margaret Hodge","member",1,"Labour","Member","Member"
"Mrs Sharon Hodgson","Mrs Sharon Hodgson","member",1,"Labour","Member","Member"
"Kate Hollern","Kate Hollern","member",1,"Labour","Member","Member"
"George Hollingbery","George Hollingbery","member",1,"Conservative","Member","Member"
"Lisa Nandy","Lisa Nandy","member",1,"Labour","Member","Member"
"Kevin Hollinrake","Kevin Hollinrake","member",1,"Conservative","Member","Member"
"Mr Philip Hollobone","Mr Philip Hollobone","member",1,"Conservative","Member","Member"
"Adam Holloway","Adam Holloway","member",1,"Conservative","Member","Member"
"Kelvin Hopkins","Kelvin Hopkins","member",1,"Independent","Member","Member"
"Stewart Hosie","Stewart Hosie","member",1,"Scottish National Party","Member","Member"
"Mr George Howarth","Mr George Howarth","member",1,"Labour","Member","Member"
"John Howell","John Howell","member",1,"Conservative","Member","Member"
"Nigel Huddleston","Nigel Huddleston","member",1,"Conservative","Member","Member"
"Eddie Hughes","Eddie Hughes","member",1,"Conservative","Member","Member"
"Mr Jeremy Hunt","Mr Jeremy Hunt","member",1,"Conservative","Member","Member"
"Robert Neill","Robert Neill","member",1,"Conservative","Member","Member"
"Dr Rupa Huq","Dr Rupa Huq","member",1,"Labour","Member","Member"
"Mr Nick Hurd","Mr Nick Hurd","member",1,"Conservative","Member","Member"
"Imran Hussain","Imran Hussain","member",1,"Labour","Member","Member"
"Mr Alister Jack","Mr Alister Jack","member",1,"Conservative","Member","Member"
"Margot James","Margot James","member",1,"Conservative","Member","Member"
"Christine Jardine","Christine Jardine","member",1,"Liberal Democrat","Member","Member"
"Dan Jarvis","Dan Jarvis","member",1,"Labour","Member","Member"
"Sajid Javid","Sajid Javid","member",1,"Conservative","Member","Member"
"Mr Ranil Jayawardena","Mr Ranil Jayawardena","member",1,"Conservative","Member","Member"
"Sir Bernard Jenkin","Sir Bernard Jenkin","member",1,"Conservative","Member","Member"
"Gavin Newlands","Gavin Newlands","member",1,"Scottish National Party","Member","Member"
"Andrea Jenkyns","Andrea Jenkyns","member",1,"Conservative","Member","Member"
"Robert Jenrick","Robert Jenrick","member",1,"Conservative","Member","Member"
"Boris Johnson","Boris Johnson","member",1,"Conservative","Member","Member"
"Diana Johnson","Diana Johnson","member",1,"Labour","Member","Member"
"Gareth Johnson","Gareth Johnson","member",1,"Conservative","Member","Member"
"Joseph Johnson","Joseph Johnson","member",1,"Conservative","Member","Member"
"Andrew Jones","Andrew Jones","member",1,"Conservative","Member","Member"
"Darren Jones","Darren Jones","member",1,"Labour","Member","Member"
"Gerald Jones","Gerald Jones","member",1,"Labour","Member","Member"
"Graham P Jones","Graham P Jones","member",1,"Labour","Member","Member"
"Sarah Newton","Sarah Newton","member",1,"Conservative","Member","Member"
"Helen Jones","Helen Jones","member",1,"Labour","Member","Member"
"Mr David Jones","Mr David Jones","member",1,"Conservative","Member","Member"
"Mr Kevan Jones","Mr Kevan Jones","member",1,"Labour","Member","Member"
"Mr Marcus Jones","Mr Marcus Jones","member",1,"Conservative","Member","Member"
"Sarah Jones","Sarah Jones","member",1,"Labour","Member","Member"
"Susan Elan Jones","Susan Elan Jones","member",1,"Labour","Member","Member"
"Mike Kane","Mike Kane","member",1,"Labour","Member","Member"
"Daniel Kawczynski","Daniel Kawczynski","member",1,"Conservative","Member","Member"
"Gillian Keegan","Gillian Keegan","member",1,"Conservative","Member","Member"
"Barbara Keeley","Barbara Keeley","member",1,"Labour","Member","Member"
"Caroline Nokes","Caroline Nokes","member",1,"Conservative","Member","Member"
"Liz Kendall","Liz Kendall","member",1,"Labour","Member","Member"
"Seema Kennedy","Seema Kennedy","member",1,"Conservative","Member","Member"
"Stephen Kerr","Stephen Kerr","member",1,"Conservative","Member","Member"
"Afzal Khan","Afzal Khan","member",1,"Labour","Member","Member"
"Ged Killen","Ged Killen","member",1,"Labour (Co-op)","Member","Member"
"Stephen Kinnock","Stephen Kinnock","member",1,"Labour","Member","Member"
"Julian Knight","Julian Knight","member",1,"Conservative","Member","Member"
"Sir Greg Knight","Sir Greg Knight","member",1,"Conservative","Member","Member"
"Kwasi Kwarteng","Kwasi Kwarteng","member",1,"Conservative","Member","Member"
"Peter Kyle","Peter Kyle","member",1,"Labour","Member","Member"
"Mr John Baron","Mr John Baron","member",1,"Conservative","Member","Member"
"Jesse Norman","Jesse Norman","member",1,"Conservative","Member","Member"
"Lesley Laird","Lesley Laird","member",1,"Labour","Member","Member"
"Ben Lake","Ben Lake","member",1,"Plaid Cymru","Member","Member"
"Norman Lamb","Norman Lamb","member",1,"Liberal Democrat","Member","Member"
"Mr David Lammy","Mr David Lammy","member",1,"Labour","Member","Member"
"John Lamont","John Lamont","member",1,"Conservative","Member","Member"
"Mark Lancaster","Mark Lancaster","member",1,"Conservative","Member","Member"
"Mrs Pauline Latham","Mrs Pauline Latham","member",1,"Conservative","Member","Member"
"Ian Lavery","Ian Lavery","member",1,"Labour","Member","Member"
"Chris Law","Chris Law","member",1,"Scottish National Party","Member","Member"
"Andrea Leadsom","Andrea Leadsom","member",1,"Conservative","Member","Member"
"Alex Norris","Alex Norris","member",1,"Labour (Co-op)","Member","Member"
"Dr Phillip Lee","Dr Phillip Lee","member",1,"Conservative","Member","Member"
"Karen Lee","Karen Lee","member",1,"Labour","Member","Member"
"Jeremy Lefroy","Jeremy Lefroy","member",1,"Conservative","Member","Member"
"Mr Chris Leslie","Mr Chris Leslie","member",1,"Change UK - The Independent Group","Member","Member"
"Sir Oliver Letwin","Sir Oliver Letwin","member",1,"Conservative","Member","Member"
"Mrs Emma Lewell-Buck","Mrs Emma Lewell-Buck","member",1,"Labour","Member","Member"
"Andrew Lewer","Andrew Lewer","member",1,"Conservative","Member","Member"
"Brandon Lewis","Brandon Lewis","member",1,"Conservative","Member","Member"
"Clive Lewis","Clive Lewis","member",1,"Labour","Member","Member"
"Mr Ivan Lewis","Mr Ivan Lewis","member",1,"Independent","Member","Member"
"Neil O'Brien","Neil O'Brien","member",1,"Conservative","Member","Member"
"Mr David Lidington","Mr David Lidington","member",1,"Conservative","Member","Member"
"David Linden","David Linden","member",1,"Scottish National Party","Member","Member"
"Emma Little Pengelly","Emma Little Pengelly","member",1,"Democratic Unionist Party","Member","Member"
"Tony Lloyd","Tony Lloyd","member",1,"Labour","Member","Member"
"Rebecca Long Bailey","Rebecca Long Bailey","member",1,"Labour","Member","Member"
"Julia Lopez","Julia Lopez","member",1,"Conservative","Member","Member"
"Jack Lopresti","Jack Lopresti","member",1,"Conservative","Member","Member"
"Mr Jonathan Lord","Mr Jonathan Lord","member",1,"Conservative","Member","Member"
"Tim Loughton","Tim Loughton","member",1,"Conservative","Member","Member"
"Caroline Lucas","Caroline Lucas","member",1,"Green Party","Member","Member"
"Brendan O'Hara","Brendan O'Hara","member",1,"Scottish National Party","Member","Member"
"Ian C. Lucas","Ian C. Lucas","member",1,"Labour","Member","Member"
"Holly Lynch","Holly Lynch","member",1,"Labour","Member","Member"
"Angus Brendan MacNeil","Angus Brendan MacNeil","member",1,"Scottish National Party","Member","Member"
"Craig Mackinlay","Craig Mackinlay","member",1,"Conservative","Member","Member"
"Rachel Maclean","Rachel Maclean","member",1,"Conservative","Member","Member"
"Justin Madders","Justin Madders","member",1,"Labour","Member","Member"
"Mr Khalid Mahmood","Mr Khalid Mahmood","member",1,"Labour","Member","Member"
"Shabana Mahmood","Shabana Mahmood","member",1,"Labour","Member","Member"
"Mrs Anne Main","Mrs Anne Main","member",1,"Conservative","Member","Member"
"Alan Mak","Alan Mak","member",1,"Conservative","Member","Member"
"Jared O'Mara","Jared O'Mara","member",1,"Independent","Member","Member"
"Seema Malhotra","Seema Malhotra","member",1,"Labour (Co-op)","Member","Member"
"Kit Malthouse","Kit Malthouse","member",1,"Conservative","Member","Member"
"John Mann","John Mann","member",1,"Labour","Member","Member"
"Scott Mann","Scott Mann","member",1,"Conservative","Member","Member"
"Gordon Marsden","Gordon Marsden","member",1,"Labour","Member","Member"
"Sandy Martin","Sandy Martin","member",1,"Labour","Member","Member"
"Rachael Maskell","Rachael Maskell","member",1,"Labour (Co-op)","Member","Member"
"Paul Masterton","Paul Masterton","member",1,"Conservative","Member","Member"
"Christian Matheson","Christian Matheson","member",1,"Labour","Member","Member"
"Mrs Theresa May","Mrs Theresa May","member",1,"Conservative","Member","Member"
"Dr Matthew Offord","Dr Matthew Offord","member",1,"Conservative","Member","Member"
"Paul Maynard","Paul Maynard","member",1,"Conservative","Member","Member"
"Steve McCabe","Steve McCabe","member",1,"Labour","Member","Member"
"Kerry McCarthy","Kerry McCarthy","member",1,"Labour","Member","Member"
"Siobhain McDonagh","Siobhain McDonagh","member",1,"Labour","Member","Member"
"Andy McDonald","Andy McDonald","member",1,"Labour","Member","Member"
"Stewart Malcolm McDonald","Stewart Malcolm McDonald","member",1,"Scottish National Party","Member","Member"
"Stuart C. McDonald","Stuart C. McDonald","member",1,"Scottish National Party","Member","Member"
"John McDonnell","John McDonnell","member",1,"Labour","Member","Member"
"Mr Pat McFadden","Mr Pat McFadden","member",1,"Labour","Member","Member"
"Conor McGinn","Conor McGinn","member",1,"Labour","Member","Member"
"Fiona Onasanya","Fiona Onasanya","member",1,"Independent","Member","Member"
"Alison McGovern","Alison McGovern","member",1,"Labour","Member","Member"
"Liz McInnes","Liz McInnes","member",1,"Labour","Member","Member"
"Catherine McKinnell","Catherine McKinnell","member",1,"Labour","Member","Member"
"Sir Patrick McLoughlin","Sir Patrick McLoughlin","member",1,"Conservative","Member","Member"
"Jim McMahon","Jim McMahon","member",1,"Labour (Co-op)","Member","Member"
"Anna McMorrin","Anna McMorrin","member",1,"Labour","Member","Member"
"John McNally","John McNally","member",1,"Scottish National Party","Member","Member"
"Stephen McPartland","Stephen McPartland","member",1,"Conservative","Member","Member"
"Esther McVey","Esther McVey","member",1,"Conservative","Member","Member"
"Ian Mearns","Ian Mearns","member",1,"Labour","Member","Member"
"Melanie Onn","Melanie Onn","member",1,"Labour","Member","Member"
"Mark Menzies","Mark Menzies","member",1,"Conservative","Member","Member"
"Johnny Mercer","Johnny Mercer","member",1,"Conservative","Member","Member"
"Huw Merriman","Huw Merriman","member",1,"Conservative","Member","Member"
"Edward Miliband","Edward Miliband","member",1,"Labour","Member","Member"
"Mrs Maria Miller","Mrs Maria Miller","member",1,"Conservative","Member","Member"
"Amanda Milling","Amanda Milling","member",1,"Conservative","Member","Member"
"Nigel Mills","Nigel Mills","member",1,"Conservative","Member","Member"
"Anne Milton","Anne Milton","member",1,"Conservative","Member","Member"
"Mr Andrew Mitchell","Mr Andrew Mitchell","member",1,"Conservative","Member","Member"
"Carol Monaghan","Carol Monaghan","member",1,"Scottish National Party","Member","Member"
"Chi Onwurah","Chi Onwurah","member",1,"Labour","Member","Member"
"Mrs Madeleine Moon","Mrs Madeleine Moon","member",1,"Labour","Member","Member"
"Damien Moore","Damien Moore","member",1,"Conservative","Member","Member"
"Layla Moran","Layla Moran","member",1,"Liberal Democrat","Member","Member"
"Penny Mordaunt","Penny Mordaunt","member",1,"Conservative","Member","Member"
"Jessica Morden","Jessica Morden","member",1,"Labour","Member","Member"
"Stephen Morgan","Stephen Morgan","member",1,"Labour","Member","Member"
"Anne Marie Morris","Anne Marie Morris","member",1,"Conservative","Member","Member"
"David Morris","David Morris","member",1,"Conservative","Member","Member"
"Grahame Morris","Grahame Morris","member",1,"Labour","Member","Member"
"James Morris","James Morris","member",1,"Conservative","Member","Member"
"Guy Opperman","Guy Opperman","member",1,"Conservative","Member","Member"
"David Mundell","David Mundell","member",1,"Conservative","Member","Member"
"Ian Murray","Ian Murray","member",1,"Labour","Member","Member"
"Mrs Sheryll Murray","Mrs Sheryll Murray","member",1,"Conservative","Member","Member"
"Ms Diane Abbott","Ms Diane Abbott","member",1,"Labour","Member","Member"
"Debbie Abrahams","Debbie Abrahams","member",1,"Labour","Member","Member"
"Nigel Adams","Nigel Adams","member",1,"Conservative","Member","Member"
"Bim Afolami","Bim Afolami","member",1,"Conservative","Member","Member"
"Peter Aldous","Peter Aldous","member",1,"Conservative","Member","Member"
"Rushanara Ali","Rushanara Ali","member",1,"Labour","Member","Member"
"Lucy Allan","Lucy Allan","member",1,"Conservative","Member","Member"
"Bob Blackman","Bob Blackman","member",1,"Conservative","Member","Member"
"Kate Osamor","Kate Osamor","member",1,"Labour (Co-op)","Member","Member"
"Heidi Allen","Heidi Allen","member",1,"Independent","Member","Member"
"Dr Rosena Allin-Khan","Dr Rosena Allin-Khan","member",1,"Labour","Member","Member"
"Mike Amesbury","Mike Amesbury","member",1,"Labour","Member","Member"
"Stuart Andrew","Stuart Andrew","member",1,"Conservative","Member","Member"
"Tonia Antoniazzi","Tonia Antoniazzi","member",1,"Labour","Member","Member"
"Edward Argar","Edward Argar","member",1,"Conservative","Member","Member"
"Jonathan Ashworth","Jonathan Ashworth","member",1,"Labour (Co-op)","Member","Member"
"Victoria Atkins","Victoria Atkins","member",1,"Conservative","Member","Member"
"Ian Austin","Ian Austin","member",1,"Independent","Member","Member"
"Mrs Kemi Badenoch","Mrs Kemi Badenoch","member",1,"Conservative","Member","Member"
"Albert Owen","Albert Owen","member",1,"Labour","Member","Member"
"Mr Adrian Bailey","Mr Adrian Bailey","member",1,"Labour (Co-op)","Member","Member"
"Mr Steve Baker","Mr Steve Baker","member",1,"Conservative","Member","Member"
"Harriett Baldwin","Harriett Baldwin","member",1,"Conservative","Member","Member"
"Stephen Barclay","Stephen Barclay","member",1,"Conservative","Member","Member"
"Hannah Bardell","Hannah Bardell","member",1,"Scottish National Party","Member","Member"
"Guto Bebb","Guto Bebb","member",1,"Conservative","Member","Member"
"Margaret Beckett","Margaret Beckett","member",1,"Labour","Member","Member"
"Sir Henry Bellingham","Sir Henry Bellingham","member",1,"Conservative","Member","Member"
"Hilary Benn","Hilary Benn","member",1,"Labour","Member","Member"
"Richard Benyon","Richard Benyon","member",1,"Conservative","Member","Member"
"Ian Paisley","Ian Paisley","member",1,"Democratic Unionist Party","Member","Member"
"Sir Paul Beresford","Sir Paul Beresford","member",1,"Conservative","Member","Member"
"Luciana Berger","Luciana Berger","member",1,"Independent","Member","Member"
"Jake Berry","Jake Berry","member",1,"Conservative","Member","Member"
"Mr Clive Betts","Mr Clive Betts","member",1,"Labour","Member","Member"
"Mhairi Black","Mhairi Black","member",1,"Scottish National Party","Member","Member"
"Ian Blackford","Ian Blackford","member",1,"Scottish National Party","Member","Member"
"Kirsty Blackman","Kirsty Blackman","member",1,"Scottish National Party","Member","Member"
"Dr Roberta Blackman-Woods","Dr Roberta Blackman-Woods","member",1,"Labour","Member","Member"
"Paul Blomfield","Paul Blomfield","member",1,"Labour","Member","Member"
"Crispin Blunt","Crispin Blunt","member",1,"Conservative","Member","Member"
"Priti Patel","Priti Patel","member",1,"Conservative","Member","Member"
"Mr Peter Bone","Mr Peter Bone","member",1,"Conservative","Member","Member"
"Sir Peter Bottomley","Sir Peter Bottomley","member",1,"Conservative","Member","Member"
"Andrew Bowie","Andrew Bowie","member",1,"Conservative","Member","Member"
"Tracy Brabin","Tracy Brabin","member",1,"Labour (Co-op)","Member","Member"
"Ben Bradley","Ben Bradley","member",1,"Conservative","Member","Member"
"Karen Bradley","Karen Bradley","member",1,"Conservative","Member","Member"
"Mr Ben Bradshaw","Mr Ben Bradshaw","member",1,"Labour","Member","Member"
"Tom Brake","Tom Brake","member",1,"Liberal Democrat","Member","Member"
"Suella Braverman","Suella Braverman","member",1,"Conservative","Member","Member"
"Kevin Brennan","Kevin Brennan","member",1,"Labour","Member","Member"
"Mr Owen Paterson","Mr Owen Paterson","member",1,"Conservative","Member","Member"
"Jack Brereton","Jack Brereton","member",1,"Conservative","Member","Member"
"Andrew Bridgen","Andrew Bridgen","member",1,"Conservative","Member","Member"
"Steve Brine","Steve Brine","member",1,"Conservative","Member","Member"
"Deidre Brock","Deidre Brock","member",1,"Scottish National Party","Member","Member"
"James Brokenshire","James Brokenshire","member",1,"Conservative","Member","Member"
"Alan Brown","Alan Brown","member",1,"Scottish National Party","Member","Member"
"Lyn Brown","Lyn Brown","member",1,"Labour","Member","Member"
"Mr Nicholas Brown","Mr Nicholas Brown","member",1,"Labour","Member","Member"
"Chris Bryant","Chris Bryant","member",1,"Labour","Member","Member"
"Ms Karen Buck","Ms Karen Buck","member",1,"Labour","Member","Member"
"Mark Pawsey","Mark Pawsey","member",1,"Conservative","Member","Member"
"Robert Buckland","Robert Buckland","member",1,"Conservative","Member","Member"
"Richard Burden","Richard Burden","member",1,"Labour","Member","Member"
"Alex Burghart","Alex Burghart","member",1,"Conservative","Member","Member"
"Richard Burgon","Richard Burgon","member",1,"Labour","Member","Member"
"Conor Burns","Conor Burns","member",1,"Conservative","Member","Member"
"Alistair Burt","Alistair Burt","member",1,"Conservative","Member","Member"
"Dawn Butler","Dawn Butler","member",1,"Labour","Member","Member"
"Liam Byrne","Liam Byrne","member",1,"Labour","Member","Member"
"Sir Vince Cable","Sir Vince Cable","member",1,"Liberal Democrat","Member","Member"
"Ruth Cadbury","Ruth Cadbury","member",1,"Labour","Member","Member"
"Stephanie Peacock","Stephanie Peacock","member",1,"Labour","Member","Member"
"Alun Cairns","Alun Cairns","member",1,"Conservative","Member","Member"
"Dr Lisa Cameron","Dr Lisa Cameron","member",1,"Scottish National Party","Member","Member"
"Mr Gregory Campbell","Mr Gregory Campbell","member",1,"Democratic Unionist Party","Member","Member"
"Mr Ronnie Campbell","Mr Ronnie Campbell","member",1,"Labour","Member","Member"
"Sir Alan Campbell","Sir Alan Campbell","member",1,"Labour","Member","Member"
"Dan Carden","Dan Carden","member",1,"Labour","Member","Member"
"Mr Alistair Carmichael","Mr Alistair Carmichael","member",1,"Liberal Democrat","Member","Member"
"James Cartlidge","James Cartlidge","member",1,"Conservative","Member","Member"
"Sir William Cash","Sir William Cash","member",1,"Conservative","Member","Member"
"Maria Caulfield","Maria Caulfield","member",1,"Conservative","Member","Member"
"Teresa Pearce","Teresa Pearce","member",1,"Labour","Member","Member"
"Alex Chalk","Alex Chalk","member",1,"Conservative","Member","Member"
"Sarah Champion","Sarah Champion","member",1,"Labour","Member","Member"
"Douglas Chapman","Douglas Chapman","member",1,"Scottish National Party","Member","Member"
"Jenny Chapman","Jenny Chapman","member",1,"Labour","Member","Member"
"Bambos Charalambous","Bambos Charalambous","member",1,"Labour","Member","Member"
"Joanna Cherry","Joanna Cherry","member",1,"Scottish National Party","Member","Member"
"Rehman Chishti","Rehman Chishti","member",1,"Conservative","Member","Member"
"Sir Christopher Chope","Sir Christopher Chope","member",1,"Conservative","Member","Member"
"Jo Churchill","Jo Churchill","member",1,"Conservative","Member","Member"
"Colin Clark","Colin Clark","member",1,"Conservative","Member","Member"
"Matthew Pennycook","Matthew Pennycook","member",1,"Labour","Member","Member"
"Greg Clark","Greg Clark","member",1,"Conservative","Member","Member"
"Mr Kenneth Clarke","Mr Kenneth Clarke","member",1,"Conservative","Member","Member"
"Mr Simon Clarke","Mr Simon Clarke","member",1,"Conservative","Member","Member"
"James Cleverly","James Cleverly","member",1,"Conservative","Member","Member"
"Sir Geoffrey Clifton-Brown","Sir Geoffrey Clifton-Brown","member",1,"Conservative","Member","Member"
"Ann Clwyd","Ann Clwyd","member",1,"Labour","Member","Member"
"Vernon Coaker","Vernon Coaker","member",1,"Labour","Member","Member"
"Ann Coffey","Ann Coffey","member",1,"Change UK - The Independent Group","Member","Member"
"Dr Thérèse Coffey","Dr Thérèse Coffey","member",1,"Conservative","Member","Member"
"Damian Collins","Damian Collins","member",1,"Conservative","Member","Member"
"John Penrose","John Penrose","member",1,"Conservative","Member","Member"
"Julie Cooper","Julie Cooper","member",1,"Labour","Member","Member"
"Rosie Cooper","Rosie Cooper","member",1,"Labour","Member","Member"
"Yvette Cooper","Yvette Cooper","member",1,"Labour","Member","Member"
"Jeremy Corbyn","Jeremy Corbyn","member",1,"Labour","Member","Member"
"Alberto Costa","Alberto Costa","member",1,"Conservative","Member","Member"
"Robert Courts","Robert Courts","member",1,"Conservative","Member","Member"
"Ronnie Cowan","Ronnie Cowan","member",1,"Scottish National Party","Member","Member"
"Mr Geoffrey Cox","Mr Geoffrey Cox","member",1,"Conservative","Member","Member"
"Neil Coyle","Neil Coyle","member",1,"Labour","Member","Member"
"Stephen Crabb","Stephen Crabb","member",1,"Conservative","Member","Member"
"Sir Graham Brady","Sir Graham Brady","member",1,"Conservative","Member","Member"
"Toby Perkins","Toby Perkins","member",1,"Labour","Member","Member"
"Sir David Crausby","Sir David Crausby","member",1,"Labour","Member","Member"
"Angela Crawley","Angela Crawley","member",1,"Scottish National Party","Member","Member"
"Mary Creagh","Mary Creagh","member",1,"Labour","Member","Member"
"Stella Creasy","Stella Creasy","member",1,"Labour (Co-op)","Member","Member"
"Tracey Crouch","Tracey Crouch","member",1,"Conservative","Member","Member"
"Jon Cruddas","Jon Cruddas","member",1,"Labour","Member","Member"
"John Cryer","John Cryer","member",1,"Labour","Member","Member"
"Judith Cummins","Judith Cummins","member",1,"Labour","Member","Member"
"Alex Cunningham","Alex Cunningham","member",1,"Labour","Member","Member"
"Mr Jim Cunningham","Mr Jim Cunningham","member",1,"Labour","Member","Member"
"Claire Perry","Claire Perry","member",1,"Conservative","Member","Member"
"Janet Daby","Janet Daby","member",1,"Labour","Member","Member"
"Nic Dakin","Nic Dakin","member",1,"Labour","Member","Member"
"Sir Edward Davey","Sir Edward Davey","member",1,"Liberal Democrat","Member","Member"
"Wayne David","Wayne David","member",1,"Labour","Member","Member"
"David T. C. Davies","David T. C. Davies","member",1,"Conservative","Member","Member"
"Geraint Davies","Geraint Davies","member",1,"Labour (Co-op)","Member","Member"
"Glyn Davies","Glyn Davies","member",1,"Conservative","Member","Member"
"Mims Davies","Mims Davies","member",1,"Conservative","Member","Member"
"Philip Davies","Philip Davies","member",1,"Conservative","Member","Member"
"Mr David Davis","Mr David Davis","member",1,"Conservative","Member","Member"
"Jess Phillips","Jess Phillips","member",1,"Labour","Member","Member"
"Martyn Day","Martyn Day","member",1,"Scottish National Party","Member","Member"
"Marsha De Cordova","Marsha De Cordova","member",1,"Labour","Member","Member"
"Gloria De Piero","Gloria De Piero","member",1,"Labour","Member","Member"
"Thangam Debbonaire","Thangam Debbonaire","member",1,"Labour","Member","Member"
"Emma Dent Coad","Emma Dent Coad","member",1,"Labour","Member","Member"
"Mr Tanmanjeet Singh Dhesi","Mr Tanmanjeet Singh Dhesi","member",1,"Labour","Member","Member"
"Caroline Dinenage","Caroline Dinenage","member",1,"Conservative","Member","Member"
"Mr Jonathan Djanogly","Mr Jonathan Djanogly","member",1,"Conservative","Member","Member"
"Leo Docherty","Leo Docherty","member",1,"Conservative","Member","Member"
"Martin Docherty-Hughes","Martin Docherty-Hughes","member",1,"Scottish National Party","Member","Member"
"Bridget Phillipson","Bridget Phillipson","member",1,"Labour","Member","Member"
"Anneliese Dodds","Anneliese Dodds","member",1,"Labour (Co-op)","Member","Member"
"Nigel Dodds","Nigel Dodds","member",1,"Democratic Unionist Party","Member","Member"
"Sir Jeffrey M. Donaldson","Sir Jeffrey M. Donaldson","member",1,"Democratic Unionist Party","Member","Member"
"Michelle Donelan","Michelle Donelan","member",1,"Conservative","Member","Member"
"Ms Nadine Dorries","Ms Nadine Dorries","member",1,"Conservative","Member","Member"
"Steve Double","Steve Double","member",1,"Conservative","Member","Member"
"Stephen Doughty","Stephen Doughty","member",1,"Labour (Co-op)","Member","Member"
"Peter Dowd","Peter Dowd","member",1,"Labour","Member","Member"
"Oliver Dowden","Oliver Dowden","member",1,"Conservative","Member","Member"
"Jackie Doyle-Price","Jackie Doyle-Price","member",1,"Conservative","Member","Member"
"Chris Philp","Chris Philp","member",1,"Conservative","Member","Member"
"Richard Drax","Richard Drax","member",1,"Conservative","Member","Member"
"Dr David Drew","Dr David Drew","member",1,"Labour (Co-op)","Member","Member"
"Jack Dromey","Jack Dromey","member",1,"Labour","Member","Member"
"James Duddridge","James Duddridge","member",1,"Conservative","Member","Member"
"Rosie Duffield","Rosie Duffield","member",1,"Labour","Member","Member"
"David Duguid","David Duguid","member",1,"Conservative","Member","Member"
"Mr Iain Duncan Smith","Mr Iain Duncan Smith","member",1,"Conservative","Member","Member"
"Sir Alan Duncan","Sir Alan Duncan","member",1,"Conservative","Member","Member"
"Mr Philip Dunne","Mr Philip Dunne","member",1,"Conservative","Member","Member"
"Maria Eagle","Maria Eagle","member",1,"Labour","Member","Member"
"Laura Pidcock","Laura Pidcock","member",1,"Labour","Member","Member"
"Ms Angela Eagle","Ms Angela Eagle","member",1,"Labour","Member","Member"
"Jonathan Edwards","Jonathan Edwards","member",1,"Plaid Cymru","Member","Member"
"Clive Efford","Clive Efford","member",1,"Labour","Member","Member"
"Julie Elliott","Julie Elliott","member",1,"Labour","Member","Member"
"Michael Ellis","Michael Ellis","member",1,"Conservative","Member","Member"
"Dame Louise Ellman","Dame Louise Ellman","member",1,"Labour (Co-op)","Member","Member"
"Mr Tobias Ellwood","Mr Tobias Ellwood","member",1,"Conservative","Member","Member"
"Chris Elmore","Chris Elmore","member",1,"Labour","Member","Member"
"Charlie Elphicke","Charlie Elphicke","member",1,"Conservative","Member","Member"
"Bill Esterson","Bill Esterson","member",1,"Labour","Member","Member"
"Christopher Pincher","Christopher Pincher","member",1,"Conservative","Member","Member"
"George Eustice","George Eustice","member",1,"Conservative","Member","Member"
"Chris Evans","Chris Evans","member",1,"Labour (Co-op)","Member","Member"
"Sir David Evennett","Sir David Evennett","member",1,"Conservative","Member","Member"
"Michael Fabricant","Michael Fabricant","member",1,"Conservative","Member","Member"
"Sir Michael Fallon","Sir Michael Fallon","member",1,"Conservative","Member","Member"
"Paul Farrelly","Paul Farrelly","member",1,"Labour","Member","Member"
"Tim Farron","Tim Farron","member",1,"Liberal Democrat","Member","Member"
"Marion Fellows","Marion Fellows","member",1,"Scottish National Party","Member","Member"
"Mark Field","Mark Field","member",1,"Conservative","Member","Member"
"Jim Fitzpatrick","Jim Fitzpatrick","member",1,"Labour","Member","Member"
"Jo Platt","Jo Platt","member",1,"Labour (Co-op)","Member","Member"
"Colleen Fletcher","Colleen Fletcher","member",1,"Labour","Member","Member"
"Caroline Flint","Caroline Flint","member",1,"Labour","Member","Member"
"Vicky Ford","Vicky Ford","member",1,"Conservative","Member","Member"
"Kevin Foster","Kevin Foster","member",1,"Conservative","Member","Member"
"Yvonne Fovargue","Yvonne Fovargue","member",1,"Labour","Member","Member"
"Dr Liam Fox","Dr Liam Fox","member",1,"Conservative","Member","Member"
"Vicky Foxcroft","Vicky Foxcroft","member",1,"Labour","Member","Member"
"Mr Mark Francois","Mr Mark Francois","member",1,"Conservative","Member","Member"
"Lucy Frazer","Lucy Frazer","member",1,"Conservative","Member","Member"
"Mike Freer","Mike Freer","member",1,"Conservative","Member","Member"
"Luke Pollard","Luke Pollard","member",1,"Labour (Co-op)","Member","Member"
"James Frith","James Frith","member",1,"Labour","Member","Member"
"Gill Furniss","Gill Furniss","member",1,"Labour","Member","Member"
"Mr Marcus Fysh","Mr Marcus Fysh","member",1,"Conservative","Member","Member"
"Hugh Gaffney","Hugh Gaffney","member",1,"Labour","Member","Member"
"Sir Roger Gale","Sir Roger Gale","member",1,"Conservative","Member","Member"
"Mike Gapes","Mike Gapes","member",1,"Change UK - The Independent Group","Member","Member"
"Barry Gardiner","Barry Gardiner","member",1,"Labour","Member","Member"
"Mark Garnier","Mark Garnier","member",1,"Conservative","Member","Member"
"Mr David Gauke","Mr David Gauke","member",1,"Conservative","Member","Member"
"Ruth George","Ruth George","member",1,"Labour","Member","Member"
"Dr Dan Poulter","Dr Dan Poulter","member",1,"Conservative","Member","Member"
"Stephen Gethins","Stephen Gethins","member",1,"Scottish National Party","Member","Member"
"Ms Nusrat Ghani","Ms Nusrat Ghani","member",1,"Conservative","Member","Member"
"Nick Gibb","Nick Gibb","member",1,"Conservative","Member","Member"
"Patricia Gibson","Patricia Gibson","member",1,"Scottish National Party","Member","Member"
"Preet Kaur Gill","Preet Kaur Gill","member",1,"Labour (Co-op)","Member","Member"
"Dame Cheryl Gillan","Dame Cheryl Gillan","member",1,"Conservative","Member","Member"
"Paul Girvan","Paul Girvan","member",1,"Democratic Unionist Party","Member","Member"
"John Glen","John Glen","member",1,"Conservative","Member","Member"
"Mary Glindon","Mary Glindon","member",1,"Labour","Member","Member"
"Mr Roger Godsiff","Mr Roger Godsiff","member",1,"Labour","Member","Member"
"Chris Davies","Chris Davies","member",1,"Conservative","Member","Member"
"Stephen Pound","Stephen Pound","member",1,"Labour","Member","Member"
"Zac Goldsmith","Zac Goldsmith","member",1,"Conservative","Member","Member"
"Helen Goodman","Helen Goodman","member",1,"Labour","Member","Member"
"Mr Robert Goodwill","Mr Robert Goodwill","member",1,"Conservative","Member","Member"
"Michael Gove","Michael Gove","member",1,"Conservative","Member","Member"
"Patrick Grady","Patrick Grady","member",1,"Scottish National Party","Member","Member"
"Luke Graham","Luke Graham","member",1,"Conservative","Member","Member"
"Richard Graham","Richard Graham","member",1,"Conservative","Member","Member"
"Bill Grant","Bill Grant","member",1,"Conservative","Member","Member"
"Mrs Helen Grant","Mrs Helen Grant","member",1,"Conservative","Member","Member"
"Peter Grant","Peter Grant","member",1,"Scottish National Party","Member","Member"
"Rebecca Pow","Rebecca Pow","member",1,"Conservative","Member","Member"
"James Gray","James Gray","member",1,"Conservative","Member","Member"
"Neil Gray","Neil Gray","member",1,"Scottish National Party","Member","Member"
"Chris Grayling","Chris Grayling","member",1,"Conservative","Member","Member"
"Chris Green","Chris Green","member",1,"Conservative","Member","Member"
"Damian Green","Damian Green","member",1,"Conservative","Member","Member"
"Kate Green","Kate Green","member",1,"Labour","Member","Member"
"Justine Greening","Justine Greening","member",1,"Conservative","Member","Member"
"Lilian Greenwood","Lilian Greenwood","member",1,"Labour","Member","Member"
"Margaret Greenwood","Margaret Greenwood","member",1,"Labour","Member","Member"
"Mr Dominic Grieve","Mr Dominic Grieve","member",1,"Conservative","Member","Member"
"Lucy Powell","Lucy Powell","member",1,"Labour (Co-op)","Member","Member"
"Nia Griffith","Nia Griffith","member",1,"Labour","Member","Member"
"Andrew Griffiths","Andrew Griffiths","member",1,"Conservative","Member","Member"
"John Grogan","John Grogan","member",1,"Labour","Member","Member"
"Andrew Gwynne","Andrew Gwynne","member",1,"Labour","Member","Member"
"Mr Sam Gyimah","Mr Sam Gyimah","member",1,"Conservative","Member","Member"
"Victoria Prentis","Victoria Prentis","member",1,"Conservative","Member","Member"
"Mr Mark Prisk","Mr Mark Prisk","member",1,"Conservative","Member","Member"
"Mark Pritchard","Mark Pritchard","member",1,"Conservative","Member","Member"
"Tom Pursglove","Tom Pursglove","member",1,"Conservative","Member","Member"
"Jeremy Quin","Jeremy Quin","member",1,"Conservative","Member","Member"
"Will Quince","Will Quince","member",1,"Conservative","Member","Member"
"Yasmin Qureshi","Yasmin Qureshi","member",1,"Labour","Member","Member"
"Frank Field","Frank Field","member",1,"Independent","Member","Member"
"Dominic Raab","Dominic Raab","member",1,"Conservative","Member","Member"
"Faisal Rashid","Faisal Rashid","member",1,"Labour","Member","Member"
"Angela Rayner","Angela Rayner","member",1,"Labour","Member","Member"
"John Redwood","John Redwood","member",1,"Conservative","Member","Member"
"Mr Steve Reed","Mr Steve Reed","member",1,"Labour (Co-op)","Member","Member"
"Christina Rees","Christina Rees","member",1,"Labour (Co-op)","Member","Member"
"Mr Jacob Rees-Mogg","Mr Jacob Rees-Mogg","member",1,"Conservative","Member","Member"
"Ellie Reeves","Ellie Reeves","member",1,"Labour","Member","Member"
"Rachel Reeves","Rachel Reeves","member",1,"Labour","Member","Member"
"Emma Reynolds","Emma Reynolds","member",1,"Labour","Member","Member"
"Neil Parish","Neil Parish","member",1,"Conservative","Member","Member"
"Jonathan Reynolds","Jonathan Reynolds","member",1,"Labour (Co-op)","Member","Member"
"Ms Marie Rimmer","Ms Marie Rimmer","member",1,"Labour","Member","Member"
"Mr Laurence Robertson","Mr Laurence Robertson","member",1,"Conservative","Member","Member"
"Gavin Robinson","Gavin Robinson","member",1,"Democratic Unionist Party","Member","Member"
"Mary Robinson","Mary Robinson","member",1,"Conservative","Member","Member"
"Mr Geoffrey Robinson","Mr Geoffrey Robinson","member",1,"Labour","Member","Member"
"Matt Rodda","Matt Rodda","member",1,"Labour","Member","Member"
"Douglas Ross","Douglas Ross","member",1,"Conservative","Member","Member"
"Danielle Rowley","Danielle Rowley","member",1,"Labour","Member","Member"
"Lee Rowley","Lee Rowley","member",1,"Conservative","Member","Member"
"Andrew Percy","Andrew Percy","member",1,"Conservative","Member","Member"
"Chris Ruane","Chris Ruane","member",1,"Labour","Member","Member"
"Amber Rudd","Amber Rudd","member",1,"Conservative","Member","Member"
"Lloyd Russell-Moyle","Lloyd Russell-Moyle","member",1,"Labour (Co-op)","Member","Member"
"David Rutley","David Rutley","member",1,"Conservative","Member","Member"
"Joan Ryan","Joan Ryan","member",1,"Change UK - The Independent Group","Member","Member"
"Antoinette Sandbach","Antoinette Sandbach","member",1,"Conservative","Member","Member"
"Liz Saville Roberts","Liz Saville Roberts","member",1,"Plaid Cymru","Member","Member"
"Paul Scully","Paul Scully","member",1,"Conservative","Member","Member"
"Mr Bob Seely","Mr Bob Seely","member",1,"Conservative","Member","Member"
"Andrew Selous","Andrew Selous","member",1,"Conservative","Member","Member"
"George Freeman","George Freeman","member",1,"Conservative","Member","Member"
"Stephen Lloyd","Stephen Lloyd","member",1,"Independent","Member","Member"
"Nicky Morgan","Nicky Morgan","member",1,"Conservative","Member","Member"
"Sir Mike Penning","Sir Mike Penning","member",1,"Conservative","Member","Member"
"Mr Richard Bacon","Mr Richard Bacon","member",1,"Conservative","Member","Member"
"Fiona Bruce","Fiona Bruce","member",1,"Conservative","Member","Member"
"Mr Nigel Evans","Mr Nigel Evans","member",1,"Conservative","Member","Member"
"Kate Hoey","Kate Hoey","member",1,"Labour","Member","Member"
"Craig Whittaker","Craig Whittaker","member",1,"Conservative","Member","Member"
"Dr Julian Lewis","Dr Julian Lewis","member",1,"Conservative","Member","Member"
"Sir Kevin Barron","Sir Kevin Barron","member",1,"Labour","Member","Member"
"Nick Boles","Nick Boles","member",1,"Independent","Member","Member"
"Wendy Morton","Wendy Morton","member",1,"Conservative","Member","Member"
"Iain Stewart","Iain Stewart","member",1,"Conservative","Member","Member"
"Ruth Jones","Ruth Jones","member",1,"Labour","Member","Member"
"Ms Lisa Forbes","Ms Lisa Forbes","member",1,"Labour","Member","Member"
"Sir George Howarth","Sir George Howarth","member",1,"Labour","Member","Member"
"3 Apr, more ind votes (Aye)","3 Apr, more ind votes (Aye)","Voted Motion",1.5,"Motion","PROCESS","Aye"
"3 Apr, more ind votes (No)","3 Apr, more ind votes (No)","Voted Motion",1.5,"Motion","PROCESS","No"
"No ND, ever (Aye)","No ND, ever (Aye)","Voted Motion",1.5,"Motion","NODEAL","Aye"
"No ND, ever (No)","No ND, ever (No)","Voted Motion",1.5,"Motion","NODEAL","No"
"No ND, Malthouse (Aye)","No ND, Malthouse (Aye)","Voted Motion",1.5,"Motion","NODEAL","Aye"
"No ND, Malthouse (No)","No ND, Malthouse (No)","Voted Motion",1.5,"Motion","NODEAL","No"
"12 Jun, PM can't drive ND (Aye)","12 Jun, PM can't drive ND (Aye)","Voted Motion",1.5,"Motion","NODEAL","Aye"
"12 Jun, PM can't drive ND (No)","12 Jun, PM can't drive ND (No)","Voted Motion",1.5,"Motion","NODEAL","No"
"Ind 1 (Aye)","Ind 1 (Aye)","Voted Motion",1.5,"Motion","PROCESS","Aye"
"Ind 1 (No)","Ind 1 (No)","Voted Motion",1.5,"Motion","PROCESS","No"
"Ind 2 (Aye)","Ind 2 (Aye)","Voted Motion",1.5,"Motion","PROCESS","Aye"
"Ind 2 (No)","Ind 2 (No)","Voted Motion",1.5,"Motion","PROCESS","No"
"3 Apr, (Cooper BofH) MPs ext (Aye)","3 Apr, (Cooper BofH) MPs ext (Aye)","Voted Motion",1.5,"Motion","PROCESS","Aye"
"3 Apr, (Cooper BofH) MPs ext (No)","3 Apr, (Cooper BofH) MPs ext (No)","Voted Motion",1.5,"Motion","PROCESS","No"
"Ext to 12 April (Aye)","Ext to 12 April (Aye)","Voted Motion",1.5,"Motion","PMS","Aye"
"Ext to 12 April (No)","Ext to 12 April (No)","Voted Motion",1.5,"Motion","PMS","No"
"29 Jan, Labour alts (Aye)","29 Jan, Labour alts (Aye)","Voted Motion",1.5,"Motion","MARKETS","Aye"
"29 Jan, Labour alts (No)","29 Jan, Labour alts (No)","Voted Motion",1.5,"Motion","MARKETS","No"
"29 Jan, ext + MPs plan if ND by 26/2 (Aye)","29 Jan, ext + MPs plan if ND by 26/2 (Aye)","Voted Motion",1.5,"Motion","NODEAL","Aye"
"29 Jan, ext + MPs plan if ND by 26/2 (No)","29 Jan, ext + MPs plan if ND by 26/2 (No)","Voted Motion",1.5,"Motion","NODEAL","No"
"29 Jan, MPs debate alts (Aye)","29 Jan, MPs debate alts (Aye)","Voted Motion",1.5,"Motion","PROCESS","Aye"
"29 Jan, MPs debate alts (No)","29 Jan, MPs debate alts (No)","Voted Motion",1.5,"Motion","PROCESS","No"
"29 Jan, no ND (Aye)","29 Jan, no ND (Aye)","Voted Motion",1.5,"Motion","NODEAL","Aye"
"29 Jan, no ND (No)","29 Jan, no ND (No)","Voted Motion",1.5,"Motion","NODEAL","No"
"29 Jan, ext if ND by 26/2 (Aye)","29 Jan, ext if ND by 26/2 (Aye)","Voted Motion",1.5,"Motion","NODEAL","Aye"
"29 Jan, ext if ND by 26/2 (No)","29 Jan, ext if ND by 26/2 (No)","Voted Motion",1.5,"Motion","NODEAL","No"
"29 Jan, b'stop alt. arr'ments (Aye)","29 Jan, b'stop alt. arr'ments (Aye)","Voted Motion",1.5,"Motion","BACKSTOP","Aye"
"29 Jan, b'stop alt. arr'ments (No)","29 Jan, b'stop alt. arr'ments (No)","Voted Motion",1.5,"Motion","BACKSTOP","No"
"29 Jan, ext and no ND (Aye)","29 Jan, ext and no ND (Aye)","Voted Motion",1.5,"Motion","NODEAL","Aye"
"29 Jan, ext and no ND (No)","29 Jan, ext and no ND (No)","Voted Motion",1.5,"Motion","NODEAL","No"
"3 Apr, ext limited to 22/5 (Aye)","3 Apr, ext limited to 22/5 (Aye)","Voted Motion",1.5,"Motion","PROCESS","Aye"
"3 Apr, ext limited to 22/5 (No)","3 Apr, ext limited to 22/5 (No)","Voted Motion",1.5,"Motion","PROCESS","No"
"3 Apr, no vote on other ext'n (Aye)","3 Apr, no vote on other ext'n (Aye)","Voted Motion",1.5,"Motion","PROCESS","Aye"
"3 Apr, no vote on other ext'n (No)","3 Apr, no vote on other ext'n (No)","Voted Motion",1.5,"Motion","PROCESS","No"
"3 Apr, Gvt, Brex Sec free (Aye)","3 Apr, Gvt, Brex Sec free (Aye)","Voted Motion",1.5,"Motion","PMS","Aye"
"3 Apr, Gvt, Brex Sec free (No)","3 Apr, Gvt, Brex Sec free (No)","Voted Motion",1.5,"Motion","PMS","No"
"3 Apr (Cooper main) (Aye)","3 Apr (Cooper main) (Aye)","Voted Motion",1.5,"Motion","PROCESS","Aye"
"3 Apr (Cooper main) (No)","3 Apr (Cooper main) (No)","Voted Motion",1.5,"Motion","PROCESS","No"
"MV 1, term. b'stop (Aye)","MV 1, term. b'stop (Aye)","Voted Motion",1.5,"Motion","BACKSTOP","Aye"
"MV 1, term. b'stop (No)","MV 1, term. b'stop (No)","Voted Motion",1.5,"Motion","BACKSTOP","No"
"MV 1 (Aye)","MV 1 (Aye)","Voted Motion",1.5,"Motion","PMS","Aye"
"MV 1 (No)","MV 1 (No)","Voted Motion",1.5,"Motion","PMS","No"
"Stmt, ind votes (Aye)","Stmt, ind votes (Aye)","Voted Motion",1.5,"Motion","PROCESS","Aye"
"Stmt, ind votes (No)","Stmt, ind votes (No)","Voted Motion",1.5,"Motion","PROCESS","No"
"Stmt, MPs vote ext (Aye)","Stmt, MPs vote ext (Aye)","Voted Motion",1.5,"Motion","PROCESS","Aye"
"Stmt, MPs vote ext (No)","Stmt, MPs vote ext (No)","Voted Motion",1.5,"Motion","PROCESS","No"
"Stmt, amdd w/ind votes (Aye)","Stmt, amdd w/ind votes (Aye)","Voted Motion",1.5,"Motion","PMS","Aye"
"Stmt, amdd w/ind votes (No)","Stmt, amdd w/ind votes (No)","Voted Motion",1.5,"Motion","PMS","No"
"Ind 1, EFTA and EEA (Aye)","Ind 1, EFTA and EEA (Aye)","Voted Motion",1.5,"Motion","MARKETS","Aye"
"Ind 1, EFTA and EEA (No)","Ind 1, EFTA and EEA (No)","Voted Motion",1.5,"Motion","MARKETS","No"
"Ind 1, Labour alt (Aye)","Ind 1, Labour alt (Aye)","Voted Motion",1.5,"Motion","MARKETS","Aye"
"Ind 1, Labour alt (No)","Ind 1, Labour alt (No)","Voted Motion",1.5,"Motion","MARKETS","No"
"Ind 2, Parl. decide (Aye)","Ind 2, Parl. decide (Aye)","Voted Motion",1.5,"Motion","PROCESS","Aye"
"Ind 2, Parl. decide (No)","Ind 2, Parl. decide (No)","Voted Motion",1.5,"Motion","PROCESS","No"
"Ind 1, Revoke if ND (Aye)","Ind 1, Revoke if ND (Aye)","Voted Motion",1.5,"Motion","NODEAL","Aye"
"Ind 1, Revoke if ND (No)","Ind 1, Revoke if ND (No)","Voted Motion",1.5,"Motion","NODEAL","No"
"No ND, amdd (Aye)","No ND, amdd (Aye)","Voted Motion",1.5,"Motion","PMS","Aye"
"No ND, amdd (No)","No ND, amdd (No)","Voted Motion",1.5,"Motion","PMS","No"
"Ind 1, Conf pub vote (Aye)","Ind 1, Conf pub vote (Aye)","Voted Motion",1.5,"Motion","PROCESS","Aye"
"Ind 1, Conf pub vote (No)","Ind 1, Conf pub vote (No)","Voted Motion",1.5,"Motion","PROCESS","No"
"Ext to 30 June (Aye)","Ext to 30 June (Aye)","Voted Motion",1.5,"Motion","PMS","Aye"
"Ext to 30 June (No)","Ext to 30 June (No)","Voted Motion",1.5,"Motion","PMS","No"
"Ind 1, ND (Aye)","Ind 1, ND (Aye)","Voted Motion",1.5,"Motion","NODEAL","Aye"
"Ind 1, ND (No)","Ind 1, ND (No)","Voted Motion",1.5,"Motion","NODEAL","No"
"Ind 2, Customs U (Aye)","Ind 2, Customs U (Aye)","Voted Motion",1.5,"Motion","MARKETS","Aye"
"Ind 2, Customs U (No)","Ind 2, Customs U (No)","Voted Motion",1.5,"Motion","MARKETS","No"
"Ind 1, Customs U (Aye)","Ind 1, Customs U (Aye)","Voted Motion",1.5,"Motion","MARKETS","Aye"
"Ind 1, Customs U (No)","Ind 1, Customs U (No)","Voted Motion",1.5,"Motion","MARKETS","No"
"Ind 1, Cont pref arr (Aye)","Ind 1, Cont pref arr (Aye)","Voted Motion",1.5,"Motion","MARKETS","Aye"
"Ind 1, Cont pref arr (No)","Ind 1, Cont pref arr (No)","Voted Motion",1.5,"Motion","MARKETS","No"
"Ind 1, C Mkt 2.0 (Aye)","Ind 1, C Mkt 2.0 (Aye)","Voted Motion",1.5,"Motion","MARKETS","Aye"
"Ind 1, C Mkt 2.0 (No)","Ind 1, C Mkt 2.0 (No)","Voted Motion",1.5,"Motion","MARKETS","No"
"Ind 2, C Mkt 2.0 (Aye)","Ind 2, C Mkt 2.0 (Aye)","Voted Motion",1.5,"Motion","MARKETS","Aye"
"Ind 2, C Mkt 2.0 (No)","Ind 2, C Mkt 2.0 (No)","Voted Motion",1.5,"Motion","MARKETS","No"
"No conf (Aye)","No conf (Aye)","Voted Motion",1.5,"Motion","NODEAL","Aye"
"No conf (No)","No conf (No)","Voted Motion",1.5,"Motion","NODEAL","No"
"Ind 2, Conf pub vote (Aye)","Ind 2, Conf pub vote (Aye)","Voted Motion",1.5,"Motion","PROCESS","Aye"
"Ind 2, Conf pub vote (No)","Ind 2, Conf pub vote (No)","Voted Motion",1.5,"Motion","PROCESS","No"
"MV 2 (Aye)","MV 2 (Aye)","Voted Motion",1.5,"Motion","PMS","Aye"
"MV 2 (No)","MV 2 (No)","Voted Motion",1.5,"Motion","PMS","No"
"14 Feb, Ack (Aye)","14 Feb, Ack (Aye)","Voted Motion",1.5,"Motion","PMS","Aye"
"14 Feb, Ack (No)","14 Feb, Ack (No)","Voted Motion",1.5,"Motion","PMS","No"
"27 Feb, no ND, even if ext'n (Aye)","27 Feb, no ND, even if ext'n (Aye)","Voted Motion",1.5,"Motion","NODEAL","Aye"
"27 Feb, no ND, even if ext'n (No)","27 Feb, no ND, even if ext'n (No)","Voted Motion",1.5,"Motion","NODEAL","No"
"14 Feb, delay by 3 mth (Aye)","14 Feb, delay by 3 mth (Aye)","Voted Motion",1.5,"Motion","PROCESS","Aye"
"14 Feb, delay by 3 mth (No)","14 Feb, delay by 3 mth (No)","Voted Motion",1.5,"Motion","PROCESS","No"
"14 Feb, MPs decide if ND by 27/2 (Aye)","14 Feb, MPs decide if ND by 27/2 (Aye)","Voted Motion",1.5,"Motion","PROCESS","Aye"
"14 Feb, MPs decide if ND by 27/2 (No)","14 Feb, MPs decide if ND by 27/2 (No)","Voted Motion",1.5,"Motion","PROCESS","No"
"27 Feb, Cust U + s.mkt alig (Aye)","27 Feb, Cust U + s.mkt alig (Aye)","Voted Motion",1.5,"Motion","MARKETS","Aye"
"27 Feb, Cust U + s.mkt alig (No)","27 Feb, Cust U + s.mkt alig (No)","Voted Motion",1.5,"Motion","MARKETS","No"
"14 Mar, MPs solve (Aye)","14 Mar, MPs solve (Aye)","Voted Motion",1.5,"Motion","PROCESS","Aye"
"14 Mar, MPs solve (No)","14 Mar, MPs solve (No)","Voted Motion",1.5,"Motion","PROCESS","No"
"14 Mar, ext if WA approved (Aye)","14 Mar, ext if WA approved (Aye)","Voted Motion",1.5,"Motion","PMS","Aye"
"14 Mar, ext if WA approved (No)","14 Mar, ext if WA approved (No)","Voted Motion",1.5,"Motion","PMS","No"
"27 Feb, no ND ever (Aye)","27 Feb, no ND ever (Aye)","Voted Motion",1.5,"Motion","NODEAL","Aye"
"27 Feb, no ND ever (No)","27 Feb, no ND ever (No)","Voted Motion",1.5,"Motion","NODEAL","No"
"14 Mar, MPs debate (Aye)","14 Mar, MPs debate (Aye)","Voted Motion",1.5,"Motion","PROCESS","Aye"
"14 Mar, MPs debate (No)","14 Mar, MPs debate (No)","Voted Motion",1.5,"Motion","PROCESS","No"
"14 Mar, limit MPs' debate (Aye)","14 Mar, limit MPs' debate (Aye)","Voted Motion",1.5,"Motion","PROCESS","Aye"
"14 Mar, limit MPs' debate (No)","14 Mar, limit MPs' debate (No)","Voted Motion",1.5,"Motion","PROCESS","No"
"14 Mar, 2nd ref'm (Aye)","14 Mar, 2nd ref'm (Aye)","Voted Motion",1.5,"Motion","PROCESS","Aye"
"14 Mar, 2nd ref'm (No)","14 Mar, 2nd ref'm (No)","Voted Motion",1.5,"Motion","PROCESS","No"
"MV 2.5 (Aye)","MV 2.5 (Aye)","Voted Motion",1.5,"Motion","PMS","Aye"
"MV 2.5 (No)","MV 2.5 (No)","Voted Motion",1.5,"Motion","PMS","No"
